{
  "GET All Activities" : {
    "transaction" : "GET All Activities",
    "sampleCount" : 30,
    "errorCount" : 0,
    "errorPct" : 0.0,
    "meanResTime" : 218.33333333333331,
    "medianResTime" : 217.0,
    "minResTime" : 207.0,
    "maxResTime" : 229.0,
    "pct1ResTime" : 222.9,
    "pct2ResTime" : 227.35,
    "pct3ResTime" : 229.0,
    "throughput" : 25.55366269165247,
    "receivedKBytesPerSec" : 77.5344042802385,
    "sentKBytesPerSec" : 5.065813990630324
  },
  "GET Activity by ID" : {
    "transaction" : "GET Activity by ID",
    "sampleCount" : 30,
    "errorCount" : 0,
    "errorPct" : 0.0,
    "meanResTime" : 54.16666666666666,
    "medianResTime" : 54.0,
    "minResTime" : 51.0,
    "maxResTime" : 60.0,
    "pct1ResTime" : 58.0,
    "pct2ResTime" : 59.45,
    "pct3ResTime" : 60.0,
    "throughput" : 29.880478087649404,
    "receivedKBytesPerSec" : 10.293785794322709,
    "sentKBytesPerSec" : 5.564655440737051
  },
  "DELETE Activity" : {
    "transaction" : "DELETE Activity",
    "sampleCount" : 30,
    "errorCount" : 0,
    "errorPct" : 0.0,
    "meanResTime" : 54.43333333333332,
    "medianResTime" : 53.5,
    "minResTime" : 50.0,
    "maxResTime" : 63.0,
    "pct1ResTime" : 58.800000000000004,
    "pct2ResTime" : 63.0,
    "pct3ResTime" : 63.0,
    "throughput" : 29.940119760479043,
    "receivedKBytesPerSec" : 6.169302020958084,
    "sentKBytesPerSec" : 6.356427769461078
  },
  "Total" : {
    "transaction" : "Total",
    "sampleCount" : 120,
    "errorCount" : 0,
    "errorPct" : 0.0,
    "meanResTime" : 95.26666666666671,
    "medianResTime" : 55.0,
    "minResTime" : 50.0,
    "maxResTime" : 229.0,
    "pct1ResTime" : 219.0,
    "pct2ResTime" : 221.89999999999998,
    "pct3ResTime" : 228.36999999999998,
    "throughput" : 90.15777610818932,
    "receivedKBytesPerSec" : 86.5648185105184,
    "sentKBytesPerSec" : 19.63616993801653
  },
  "POST Activity" : {
    "transaction" : "POST Activity",
    "sampleCount" : 30,
    "errorCount" : 0,
    "errorPct" : 0.0,
    "meanResTime" : 54.13333333333333,
    "medianResTime" : 54.0,
    "minResTime" : 50.0,
    "maxResTime" : 63.0,
    "pct1ResTime" : 57.0,
    "pct2ResTime" : 60.8,
    "pct3ResTime" : 63.0,
    "throughput" : 29.82107355864811,
    "receivedKBytesPerSec" : 7.630001242544732,
    "sentKBytesPerSec" : 8.18332194333996
  }
}