{
  "GET All Activities" : {
    "transaction" : "GET All Activities",
    "sampleCount" : 30,
    "errorCount" : 0,
    "errorPct" : 0.0,
    "meanResTime" : 896.1000000000001,
    "medianResTime" : 778.5,
    "minResTime" : 295.0,
    "maxResTime" : 3295.0,
    "pct1ResTime" : 1202.8,
    "pct2ResTime" : 2892.3999999999996,
    "pct3ResTime" : 3295.0,
    "throughput" : 8.9179548156956,
    "receivedKBytesPerSec" : 27.076095236325802,
    "sentKBytesPerSec" : 1.7679148706896552
  },
  "GET Activity by ID" : {
    "transaction" : "GET Activity by ID",
    "sampleCount" : 30,
    "errorCount" : 0,
    "errorPct" : 0.0,
    "meanResTime" : 54.733333333333334,
    "medianResTime" : 54.0,
    "minResTime" : 50.0,
    "maxResTime" : 62.0,
    "pct1ResTime" : 57.900000000000006,
    "pct2ResTime" : 59.8,
    "pct3ResTime" : 62.0,
    "throughput" : 13.531799729364005,
    "receivedKBytesPerSec" : 4.659925434145241,
    "sentKBytesPerSec" : 2.520033406630582
  },
  "DELETE Activity" : {
    "transaction" : "DELETE Activity",
    "sampleCount" : 30,
    "errorCount" : 0,
    "errorPct" : 0.0,
    "meanResTime" : 57.73333333333333,
    "medianResTime" : 57.0,
    "minResTime" : 51.0,
    "maxResTime" : 71.0,
    "pct1ResTime" : 63.800000000000004,
    "pct2ResTime" : 68.25,
    "pct3ResTime" : 71.0,
    "throughput" : 13.531799729364005,
    "receivedKBytesPerSec" : 2.7882907645466846,
    "sentKBytesPerSec" : 2.8728645128552097
  },
  "Total" : {
    "transaction" : "Total",
    "sampleCount" : 120,
    "errorCount" : 0,
    "errorPct" : 0.0,
    "meanResTime" : 266.9833333333332,
    "medianResTime" : 57.0,
    "minResTime" : 50.0,
    "maxResTime" : 3295.0,
    "pct1ResTime" : 891.8000000000002,
    "pct2ResTime" : 1115.3999999999999,
    "pct3ResTime" : 3141.2799999999943,
    "throughput" : 33.946251768033946,
    "receivedKBytesPerSec" : 32.608899840876944,
    "sentKBytesPerSec" : 7.39342070367751
  },
  "POST Activity" : {
    "transaction" : "POST Activity",
    "sampleCount" : 30,
    "errorCount" : 0,
    "errorPct" : 0.0,
    "meanResTime" : 59.366666666666674,
    "medianResTime" : 56.0,
    "minResTime" : 51.0,
    "maxResTime" : 77.0,
    "pct1ResTime" : 72.9,
    "pct2ResTime" : 76.45,
    "pct3ResTime" : 77.0,
    "throughput" : 13.416815742397137,
    "receivedKBytesPerSec" : 3.432818090339892,
    "sentKBytesPerSec" : 3.6817629136851515
  }
}